"","cutoff","quality"
"average",165,3.61478445646026
"std",291.087861688376,0.337185274688083
